INSERT INTO `departments` VALUES('101', '소아과', '김유신', '051-123-0101');
INSERT INTO `departments` VALUES('102', '내과', '김춘추', '051-123-0102');
INSERT INTO `departments` VALUES('103', '외과', '장보고', '051-123-0103');
INSERT INTO `departments` VALUES('104', '피부과', '선뎍여왕', '051-123-0104');
INSERT INTO `departments` VALUES('105', '이비인후과', '강감찬', '051-123-0105');
INSERT INTO `departments` VALUES('106', '산부인과', '신사임당', '051-123-0106');
INSERT INTO `departments` VALUES('107', '흉부외과', '류성룡', '051-123-0107');
INSERT INTO `departments` VALUES('108', '정형외과', '송상현', '051-123-0108');
INSERT INTO `departments` VALUES('109', '신경외과', '이순신', '051-123-0109');
INSERT INTO `departments` VALUES('110', '비뇨기과', '정약용', '051-123-0110');
INSERT INTO `departments` VALUES('111', '안과', '박지원', '051-123-011');
INSERT INTO `departments` VALUES('112', '치과', '전봉준', '051-123-0112');

INSERT INTO `doctors` VALUES('D101101', '김유신', '1976-01-21', 'M', '101', '과장', '010-1101-1976', 'kimys@bw.com');
INSERT INTO `doctors` VALUES('D101102', '계백', '1975-06-11', 'M', '101', '전문의', '010-1102-1975', 'gaeback@bw.com');
INSERT INTO `doctors` VALUES('D101103', '김관창', '1989-05-30', 'M', '101', '전문의', '010-1103-1989', 'kwanch@bw.com');
INSERT INTO `doctors` VALUES('D102101', '김춘추', '1979-04-13', 'M', '102', '과장', '010-2101-1979', 'kimcc@bw.com');
INSERT INTO `doctors` VALUES('D102104', '이사부', '1966-09-12', 'M', '102', '전문의', '010-2104-1966', 'leesabu@bw.com');
INSERT INTO `doctors` VALUES('D103101', '장보고', '1979-07-28', 'M', '103', '과장', '010-3101-1979', 'jangbg@bw.com');
INSERT INTO `doctors` VALUES('D104101', '선덕여왕', '1984-06-15', 'F', '104', '과장', '010-4101-1984', 'gueen@bw.com');
INSERT INTO `doctors` VALUES('D105101', '강감찬', '1965-10-21', 'M', '105', '과장', '010-5101-1965', 'kang@bw.com');
INSERT INTO `doctors` VALUES('D106101', '신사임당', '1972-11-28', 'F', '106', '과장', '010-6101-1972', 'sinsa@bw.com');
INSERT INTO `doctors` VALUES('D107103', '이이', '1992-09-07', 'M', '107', '전문의', '010-7103-1992', 'leelee@bw.com');
INSERT INTO `doctors` VALUES('D107104', '이황', '1989-12-09', 'M', '107', '전문의', '010-7104-1989', 'hwang@bw.com');
INSERT INTO `doctors` VALUES('D108101', '송항현', '1977-03-14', 'M', '108', '과장', '010-8101-1977', 'ssh@bw.com');

INSERT INTO `patients`(`pat_id`, `doc_id`, `nur_id`, `pat_name`, `pat_jumin`, `pat_gen`, `pat_addr`, `pat_phone`, `pat_job`) VALUES('P102101', 'D102101', 'N102101', '정우성', '760121-1234567', 'M', '서울', '010-1101-7601', '배우');
INSERT INTO `patients`(`pat_id`, `doc_id`, `nur_id`, `pat_name`, `pat_jumin`, `pat_gen`, `pat_addr`, `pat_phone`, `pat_job`) VALUES('P103101', 'D103101', 'N103101', '이정재', '750611-1234567', 'M', '서울', '010-1102-7506', '배우');
INSERT INTO `patients` VALUES('P102102', 'D102104', 'N102103', '전지현', '890530-1234567', 'F', '대전', '010-1103-8905', 'jjh@naver.com', '자영업');
INSERT INTO `patients` VALUES('P104101', 'D104101', 'N104101', '이나영', '790413-1234567', 'F', '대전', '010-2101-7904', 'lee@naver.com', '회사원');
INSERT INTO `patients` VALUES('P105101', 'D105101', 'N105101', '원빈', '660912-1234567', 'M', '대전', '010-2104-6609', 'one@daum.net', '배우');
INSERT INTO `patients` VALUES('P103102', 'D103101', 'N103101', '장동건', '790728-1234567', 'M', '대구', '010-3101-7907', 'jang@naver.com', '배우');
INSERT INTO `patients` VALUES('P104102', 'D104101', 'N104101', '고소영', '840615-1234567', 'F', '대구', '010-4101-8406', 'goso@naver.com', '회사원');
INSERT INTO `patients` VALUES('P108101', 'D108101', 'N108101', '김연아', '651021-1234567', 'F', '대구', '010-5101-6510', 'yuna@daum.net', '운동선수');
INSERT INTO `patients`(`pat_id`, `doc_id`, `nur_id`, `pat_name`, `pat_jumin`, `pat_gen`, `pat_addr`, `pat_phone`, `pat_job`) VALUES('P102103', 'D102104', 'N102102', '유재석', '721128-1234567', 'M', '부산', '010-6101-7211', '개그맨');
INSERT INTO `patients`(`pat_id`, `doc_id`, `nur_id`, `pat_name`, `pat_jumin`, `pat_gen`, `pat_addr`, `pat_phone`, `pat_job`) VALUES('P107101', 'D107104', 'N107101', '강호동', '920907-1234567', 'M', '부산', '010-7103-9209',  '개그맨');
INSERT INTO `patients` VALUES('P105102', 'D105101', 'N105101', '조인성', '891209-1234567', 'M', '광주', '010-7104-8912', 'join@gmail.com', '배우');
INSERT INTO `patients` VALUES('P104103', 'D104101', 'N104101', '강동원', '770314-1234567', 'M', '광주', '010-8101-7703', 'dong@naver.com', '배우');

INSERT INTO `nurses` VALUES('N101101', '송승헌', '1976-02-21', 'M', '101', '수간호사', '010-1101-7602', 'ssh@bw.com');
INSERT INTO `nurses` VALUES('N102101', '이영애', '1975-07-11', 'F', '102', '수간호사', '010-1102-7507', 'yung@bw.com');
INSERT INTO `nurses` VALUES('N102102', '엄정화', '1989-06-30', 'F', '102', '주임', '010-1103-8906', 'um@bw.com');
INSERT INTO `nurses` VALUES('N102103', '박명수', '1979-05-13', 'M', '102', '주임', '010-2101-7905', 'park@bw.com');
INSERT INTO `nurses` VALUES('N103101', '정준하', '1966-10-12', 'M', '103', '주임', '010-2104-6610', 'jung@bw.com');
INSERT INTO `nurses` VALUES('N104101', '김태희', '1979-08-28', 'F', '104', '주임', '010-3101-7908', 'taeh@bw.com');
INSERT INTO `nurses` VALUES('N105101', '송혜교', '1984-07-15', 'F', '105', '주임', '010-4101-8407', 'song@bw.com');
INSERT INTO `nurses` VALUES('N106101', '공유', '1965-11-21', 'M', '106', '간호사', '010-5101-6511', 'gong@bw.com');
INSERT INTO `nurses` VALUES('N107101', '이병헌', '1972-12-28', 'M', '107', '간호사', '010-6101-7212', 'byun@bw.com');
INSERT INTO `nurses` VALUES('N108101', '송중기', '1992-10-07', 'M', '108', '간호사', '010-7103-9210', 'jungi@bw.com');

INSERT INTO `treatments`VALUES('1021001', 'D102101', 'P102101', '감기,몸살', '2022-01-10 10:50:12');
INSERT INTO `treatments`VALUES('1031002', 'D103101', 'P103101', '교통사고 외상', '2022-01-10 10:50:12');
INSERT INTO `treatments`VALUES('1021003', 'D102104', 'P102102', '위염, 장염', '2022-01-10 10:50:12');
INSERT INTO `treatments`VALUES('1041004', 'D104101', 'P104101', '피부 트러블', '2022-01-10 10:50:12');
INSERT INTO `treatments`VALUES('1051005', 'D105101', 'P105101', '코막힘 및 비염', '2022-01-10 10:50:12');
INSERT INTO `treatments`VALUES('1031006', 'D103101', 'P103101', '목 디스크', '2022-01-10 10:50:12');
INSERT INTO `treatments`VALUES('1041007', 'D104101', 'P104101', '여드름', '2022-01-10 10:50:12');
INSERT INTO `treatments`VALUES('1081008', 'D108101', 'P108101', '오른쪽 발목 뼈 골절', '2022-01-10 10:50:12');
INSERT INTO `treatments`VALUES('1021009', 'D102104', 'P102103', '소화불량', '2022-01-10 10:50:12');
INSERT INTO `treatments`VALUES('1071010', 'D107104', 'P107101', '가슴 통증', '2022-01-10 10:50:12');
INSERT INTO `treatments`VALUES('1051011', 'D105101', 'P105101', '귀 이명', '2022-01-10 10:50:12');
INSERT INTO `treatments`VALUES('1041012', 'D104101', 'P104101', '팔목 화상', '2022-01-10 10:50:12');

INSERT INTO `Charts` VALUES('C1021001', '1021001', 'D102101', 'P102101', '감기 주사 및 약 처방');
INSERT INTO `Charts` VALUES('C1031002', '1031002', 'D103101', 'P103101', '입원 치료');
INSERT INTO `Charts` VALUES('C1021003', '1021003', 'D102104', 'P102102', '위내시경');
INSERT INTO `Charts` VALUES('C1041004', '1041004', 'D104101', 'P104101', '피부 감염 방지 주사');
INSERT INTO `Charts` VALUES('C1051005', '1051005', 'D105101', 'P105101', '비염 치료');
INSERT INTO `Charts` VALUES('C1031006', '1031006', 'D103101', 'P103102', '목 견인치료');
INSERT INTO `Charts` VALUES('C1041007', '1041007', 'D104101', 'P104102', '여드름 치료약 처방');
INSERT INTO `Charts` VALUES('C1081008', '1081008', 'D108101', 'P108101', '발목 깁스');
INSERT INTO `Charts` VALUES('C1021009', '1021009', 'D102103', 'P102103', '주사 처방');
INSERT INTO `Charts` VALUES('C1071010', '1071010', 'D107104', 'P107101', 'MRI 검사');
INSERT INTO `Charts` VALUES('C1051011', '1051011', 'D105101', 'P105102', '귀 청소 및 약 처방');
INSERT INTO `Charts` VALUES('C1041012', '1041012', 'D104101', 'P104103', '화상 크림약 처방');

SET foreign_key_checks = 0;

SET foreign_key_checks = 1;

# 문제1
SELECT
	`doc_id`,
	`doc_name`,
	`doc_birth`,
	a.`dep_no`,
	`dep_name`
FROM `doctors` AS a
JOIN `departments` AS b
ON a.dep_no = b.dep_no;

# 문제2
SELECT
	`nur_id`,
	`nur_name`,
	`nur_birth`,
	a.`dep_no`,
	`dep_name`
FROM `nurses` AS a
JOIN `departments` AS b
ON a.dep_no = b.dep_no;

# 문제3
SELECT
	`pat_id`,
	`pat_name`,
	`pat_jumin`,
	`pat_phone`,
	b.`doc_name`,
	c.`nur_name`
FROM `patients` AS a
JOIN `doctors` AS b ON a.doc_id = b.doc_id
JOIN `nurses` AS c ON b.dep_no = c.dep_no;

# 문제4
SELECT
	`pat_name`,
	`doc_name`,
	`treat_contents`,
	`chart_contents`,
	`treat_datetime`
FROM `patients` AS a
JOIN `doctors` AS b ON a.doc_id = b.doc_id
JOIN `treatments` AS c ON b.doc_id = c.doc_id
JOIN `charts` AS d ON c.doc_id = d.doc_id;

# 문제5
SELECT 
	c.`treat_no`,
	`pat_name`,
	`doc_name`,
	`treat_contents`,
	`chart_contents`,
	`treat_datetime`
FROM `departments` AS a
JOIN `doctors` AS b ON a.dep_no = b.dep_no
JOIN `treatments` AS c ON b.doc_id = c.doc_id
JOIN `charts` AS d ON c.treat_no = d.treat_no
JOIN `patients` AS e ON d.pat_id = e.pat_id
WHERE `dep_name` = '외과'
ORDER BY `treat_no`;

# 문제6
SELECT 
	a.`treat_no`,
	b.`pat_name`,
	c.`doc_name`,
	a.`treat_contents`,
	d.`chart_contents`,
	a.`treat_datetime`
FROM `treatments` AS a
JOIN `patients` AS b ON a.doc_id = b.doc_id
JOIN `doctors` AS  c ON b.doc_id = c.doc_id
JOIN `charts` AS d ON c.doc_id = d.doc_id
WHERE `treat_contents` LIKE '%화상%';

# 문제7
SELECT * from
(SELECT 
	*,
	YEAR(NOW()) - `year` AS `age`
FROM
(SELECT
	*,
	CONCAT('19', SUBSTRING(`pat_jumin`, 1, 2)) AS `year`
FROM `patients`) AS a
) AS b
WHERE `age` >= 30 AND `age` < 40;

# 문제8
SELECT 
	`dep_manager`,
	`dep_name`
FROM `departments` AS a
LEFT JOIN `doctors` AS b ON a.dep_no = b.dep_no
WHERE `doc_id` IS NULL;



# 문제9
SELECT 
	GROUP_CONCAT(`pat_name` SEPARATOR '^') AS `환자들`
FROM `patients` AS a
JOIN `nurses` AS b ON a.nur_id = b.nur_id
WHERE `nur_name` = '김태희';

# 문제10
SELECT 
	a.`nur_id`,
	`nur_name`,
	COUNT(*) AS `환자수`
FROM `patients` AS a
JOIN `nurses` AS b ON a.nur_id = b.nur_id
GROUP BY a.`nur_id`
ORDER BY `환자수` DESC
LIMIT 1;



		




